Model Name,RMSE,R2,Bias
Ensemble,0.7704607182563132,0.03064816803472792,0.02225980959002645
