Model Name,RMSE,R2,Bias
GradientBoostingRegressor,0.7671763264180166,0.03889503959289864,0.04175692977866792
