Model Name,RMSE,R2,Bias
LinearRegression,0.7772006850251975,0.013614266196277813,0.04268010988496642
