Model Name,RMSE,R2,Bias
RandomForestRegressor,0.8591629469272553,-0.20540089859755462,0.08973781659450933
