Model Name,RMSE,R2,Bias
SVR,0.7823099711003673,0.0006027172541697157,-0.118400107398269
