Model Name,RMSE,R2,Bias
XGBRegressor,0.8722737985774024,-0.24247050428526817,0.055524299090257564
